country,clinic_name,location,website,source_type,discovery_source,review_status,validation,evidence
Belgium,Centre Hospitalier Neurologique William Lennox,"Ottignies, Walloon Brabant",https://www.cnwl.be/,curated-dataset | belgium-first-pass-official-seed,src/lib/data/centers.js | official William Lennox neurological hospital site,known,known (strict),Centre Hospitalier Neurologique William Lennox | La réadaptation fonctionnelle | troubles neurologiques | accident vasculaire cérébral | trauma crânien | troubles de la conscience | rééducation | réadaptation | neurolog | neuro | hospital | centre
Belgium,Inkendaal,"Vlezenbeek, Flemish Brabant",https://www.inkendaal.be/,curated-dataset | belgium-first-pass-official-seed,src/lib/data/centers.js | official Inkendaal rehabilitation hospital site,known,known (strict),"ernstige locomotorische, neurologische en cardiopulmonaire aandoeningen | complexe neurologische beperkingen | neuro-revalidatieziekenhuis | kinderen als voor volwassenen | ambulante als voor gehospitaliseerde revalidanten | revalidatie | neurolog | neuro | revalidatieziekenhuis"
Belgium,Nationaal MS Centrum,"Melsbroek, Flemish Brabant",https://www.mscenter.be/,curated-dataset | belgium-first-pass-official-seed,src/lib/data/centers.js | official National MS Center site,known,known (strict),Nationaal MS centrum | Consultatie - Behandeling - Revalidatie - Begeleiding - Wetenschappelijk onderzoek | personen met MS | andere chronische neurologische aandoeningen | topklinische en geïntegreerde zorgtrajecten | Neuromyelitis optica | revalidatie | neurolog | neuro | center
Belgium,Noorderhart Revalidatie & MS,"Pelt, Limburg",https://www.noorderhart.be/nl/revalidatie-ms,curated-dataset | belgium-first-pass-official-seed,src/lib/data/centers.js | official Noorderhart Revalidatie & MS site,known,known (strict),Revalidatie & MS | Universitair MS Centrum | Boemerangstraat 2 | revalidatie
Belgium,Revalidatieziekenhuis RevArte,"Edegem, Antwerp",https://www.mkl.be/mkl/revalidatieziekenhuis-revarte,curated-dataset | belgium-first-pass-official-seed,src/lib/data/centers.js | official RevArte rehabilitation hospital page,known,known (strict),Hersenletselkliniek | Dwarslaesiekliniek | Polyneuropathiekliniek | residentieel en ambulant zorgaanbod | Revalidatieziekenhuis | Gehospitaliseerde revalidatie | revalidatie | neuro | polyneuropathie | dwarslaesie | hersenletsel | hospital | revalidatieziekenhuis
Belgium,TRAINM Clinics Antwerp,"Antwerp, Antwerp",https://www.trainm.com/,curated-dataset | belgium-first-pass-official-seed,src/lib/data/centers.js | official TRAINM neurorehabilitation clinic site,known,known (strict),Neuro Rehabilitation Center | Neurorehabilitation Clinic | Stroke | Acquired brain injury (ABI) | Spinal cord injury (SCI) | Multiple sclerosis (MS) | Parkinson’s disease | neurorehabilitation | neurological rehabilitation | rehabilitation | rehab | neurolog | neuro | stroke | spinal cord | clinic | center
Belgium,TRAINM Clinics Ghent-South,"Zottegem, East Flanders",https://www.trainm.com/who,curated-dataset | belgium-second-pass-official-seed,src/lib/data/centers.js | official TRAINM indications page and Ghent-South branch footer,known,known (strict),Balegemstraat 2 | B-9620 Zottegem | Stroke (CVA) | Acquired Brain Injury (ABI) | Spinal Cord Injury (SCI) | rehabilitation | rehab | neurolog | neuro | stroke | spinal cord | clinic
Belgium,UZ Leuven Revalidatiecentrum Pellenberg,"Pellenberg, Flemish Brabant",https://www.uzleuven.be/nl/revalidatiecentrum-pellenberg,curated-dataset | belgium-second-pass-official-seed,src/lib/data/centers.js | official UZ Leuven Revalidatiecentrum Pellenberg page,known,known (strict),Revalidatiecentrum Pellenberg | niet-aangeboren hersenletsel (NAH) | perifeer zenuwstelsel | Hospitalisatie revalidatie A | Hospitalisatie revalidatie B | revalidatie | neuro | dwarslaesie | beroerte | hersenletsel | hospital
Croatia,Poliklinika Glavić Dubrovnik,"Dubrovnik, Dubrovnik-Neretva County",https://www.poliklinika-glavic.hr/poliklinika-dubrovnik-usluge,curated-dataset | croatia-first-pass-official-seed,src/lib/data/centers.js | official Poliklinika Glavić Dubrovnik services page,known,known (strict),Robotska neurorehabilitacija | neurorehabilitacija robotikom | Moždani udar | Multipla skleroza | Ozljede kralježničke moždine | Traumatske ozljede mozga | neurorehabilitacija | robotska neurorehabilitacija | rehab | rehabilitacija | rehabilitacije | neurolog | neuro | moždani udar | moždanog udara | klinik | klinika
Croatia,Poliklinika Glavić Zagreb,"Zagreb, City of Zagreb",https://www.poliklinika-glavic.hr/poliklinika-zagreb-usluge/neurorehabilitacija-robotikom,curated-dataset | croatia-first-pass-official-seed,src/lib/data/centers.js | official Poliklinika Glavić Zagreb robotic neurorehabilitation page,known,known (strict),Robotska neurorehabilitacija | neurorehabilitacija robotikom | Moždani udar | Multipla skleroza | Ozljede kralježničke moždine | Traumatske ozljede mozga | neurorehabilitacija | robotska neurorehabilitacija | rehab | rehabilitacija | rehabilitacije | neurolog | neuro | moždani udar | moždanog udara | klinik | klinika
Croatia,Specijalna bolnica za medicinsku rehabilitaciju Krapinske Toplice,"Krapinske Toplice, Krapina-Zagorje County",https://www.sbkt.hr/KT/odjel-rehabilitaciju-kraniocerebralnih-bolesnika-akutnu-neurologiju,curated-dataset | croatia-first-pass-official-seed,src/lib/data/centers.js | official Krapinske Toplice special rehabilitation hospital neurorehabilitation pages,known,known (strict),medicinsku rehabilitaciju kraniocerebralnih bolesnika | akutnu neurologiju | Neurološka rehabilitacija | moždanog udara | robotski potpomognuta rehabilitacija | virtualne stvarnosti | neurološka rehabilitacija | rehab | rehabilitacija | rehabilitacije | neurolog | neuro | kraniocerebralnih | klinik | klinika
Croatia,Specijalna bolnica za medicinsku rehabilitaciju Varaždinske Toplice,"Varaždinske Toplice, Varaždin County",https://www.minerva.hr/odjel-za-rehabilitaciju-neuroloskih-bolesnika,curated-dataset | croatia-first-pass-official-seed,src/lib/data/centers.js | official Varaždinske Toplice neurological-patient rehabilitation department page,known,known (strict),Odjel za rehabilitaciju neuroloških bolesnika | neurološkim bolestima | neurorehabilitaciju | rehab | rehabilitacija | rehabilitacije | neurolog | neuro | spinal | kralježnične moždine | bolnica | odjel
Croatia,"Specijalna bolnica za ortopediju i rehabilitaciju ""Martin Horvat"" Rovinj-Rovigno","Rovinj, Istria County",https://www.bolnica-rovinj.hr/djelatnosti/fizikalna-medicina-i-rehabilitacija,curated-dataset | croatia-second-pass-official-seed,src/lib/data/centers.js | official Martin Horvat Rovinj physical medicine and rehabilitation page,known,known (strict),rehabilitacija za neurološku problematiku nakon moždanog udara | rehabilitacija za neurološka oboljenja | multiplosklerozu | mišićnu distrofiju | cerebralnu paralizu | amiotrofičnu lateralnu sklerozu | rehabilitacija za neurološku problematiku | rehab | rehabilitacija | rehabilitacije | neurolog | neuro | moždanog udara | neurološka oboljenja | bolnica | odjel
Croatia,Toplice Lipik,"Lipik, Požega-Slavonia County",https://toplice-lipik.hr/hr/medicinski-tretmani/stranica/1,curated-dataset | croatia-second-pass-official-seed,src/lib/data/centers.js | official Toplice Lipik special rehabilitation hospital treatment page,known,known (strict),Rehabilitacija neuroloških stanja | cerebrovaskularnog inzulta | Multipla skleroza | operacija na mozgu i kralježnici | Mb. Parkinson | neurorehabilitacije | rehabilitacija neuroloških stanja | rehabilitacija neuroloških stanja bolesti | rehab | rehabilitacija | rehabilitacije | neurolog | neuro | moždanog udara | trauma cns-a | klinik | klinika
Croatia,University Hospital Centre Zagreb,"Zagreb, City of Zagreb",https://www.kbc-zagreb.hr/,curated-dataset,src/lib/data/centers.js,known,known (broad),rehab | rehabilitacije | neurolog | neuro | spinal | živčanog sustava | hospital | klinik
Czech Republic,Rehabilitační ústav Brandýs nad Orlicí,"Brandýs nad Orlicí, Pardubice Region",https://www.rehabilitacniustav.cz/,curated-dataset,src/lib/data/centers.js,known,known (strict),neurorehabilitace | rehab | rehabilitace | neuro
Estonia,Haapsalu Neurological Rehabilitation Centre,"Haapsalu, Lääne County",https://www.hnrk.ee/,curated-dataset,src/lib/data/centers.js,known,known (strict),neurorehabilitatsioon | rehab | taastusravi | neuro | centre
France,Centre Bouffard Vercelli,"Cerbère, Occitanie",https://www.bouffard-vercelli.com/,france-pilot-official-seed,specialist rehabilitation centre seed,error,error (none),fetch failed; curl fallback failed: curl: (6) Could not resolve host: www.bouffard-vercelli.com
France,Centre de l'Arche,"Saint-Saturnin, Pays de la Loire",https://www.centre-de-larche.fr/,france-pilot-official-seed,official specialist rehabilitation centre seed,error,error (none),fetch failed; curl fallback failed: curl: (6) Could not resolve host: www.centre-de-larche.fr
France,Centre de Réadaptation de Coubert,"Coubert, Île-de-France",https://www.ugecamidf.fr/etablissement/crf-de-coubert,france-pilot-official-seed,UGECAM rehabilitation centre seed,error,error (none),"fetch failed; curl fallback failed: how to fix it, please visit the web page mentioned above."
France,Centre Mutualiste de Kerpape,"Ploemeur, Brittany",https://centre-kerpape.fr/mpr-neuro,curated-dataset | france-second-pass-official-seed,src/lib/data/centers.js | official adult neurological MPR service page,known,known (strict),MPR Neurologique | Médecine Physique et Réadaptation neurologique adulte | atteinte du système nerveux central | Lésions cérébrales | accident vasculaire cérébral | traumatisme crânien | Sclérose en plaques | Syndromes parkinsoniens | Unité de Réadaptation Neurologique Post Réanimation | affections du système nerveux | réadaptation neurologique | rééducation | réadaptation | neurolog | neuro | parkinson | blessés médullaires | centre
France,Centre Propara,"Montpellier, Occitanie",https://www.propara.fr/,curated-dataset | france-pilot-official-seed,src/lib/data/centers.js | official spinal cord injury rehabilitation centre seed,known,known (strict),rééducation | réadaptation | rééducation neurologique | rehabilitation | rehab | neurolog | neuro | hospital | centre
France,CHU Angers - Les Capucins,"Angers, Pays de la Loire",https://www.les-capucins-angers.fr/,france-pilot-official-seed,specialist rehabilitation centre seed,error,error (none),No qualifying neurorehabilitation evidence found on fetched page.
France,CHU Bordeaux - Médecine physique et de réadaptation,"Bordeaux, Nouvelle-Aquitaine",https://www.chu-bordeaux.fr/Les-services/Service-de-m%C3%A9decine-physique-et-de-r%C3%A9adaptation,curated-dataset | france-pilot-official-seed,src/lib/data/centers.js | CHU MPR service seed,known,known (strict),médecine physique et de réadaptation | réadaptation | neuro
France,CHU Grenoble Alpes - Institut de rééducation,"Échirolles, Auvergne-Rhône-Alpes",https://www.chu-grenoble.fr/,curated-dataset | france-pilot-official-seed,src/lib/data/centers.js | CHU seed / institute of rehabilitation,known,known (strict),neurologie | neurolog | neuro | hospital | centre
France,CHU Lille - Hôpital Pierre Swynghedauw,"Lille, Hauts-de-France",https://www.chu-lille.fr/hopital-pierre-swynghedauw,france-pilot-official-seed,CHU specialist rehabilitation hospital seed,error,error (none),neuro | avc
France,CHU Montpellier - Médecine physique et réadaptation,"Montpellier, Occitanie",https://www.chu-montpellier.fr/fr/offre-de-soins/consultation/medecine-physique-et-readaptation,france-pilot-official-seed,CHU MPR service seed,error,error (none),centre
France,CHU Rouen - Neuropédiatrie et MPR pédiatrique,"Rouen, Normandy",https://www.chu-rouen.fr/services/pediatrie-neonatale-et-reanimation-neuropediatrie/neuropediatrie-medecine-physique-readaptation-pediatrique,curated-dataset | france-second-pass-official-seed,src/lib/data/centers.js | official CHU Rouen neuropediatrics / pediatric MPR service page,known,known (strict),Neuropédiatrie | Médecine Physique Réadaptation pédiatrique | système nerveux central | Maladies de la moelle | Hôpital de jour MPR | maladies neuromusculaires | neurovasculaires | Polyhandicap | Handicap moteur | rééducation | réadaptation | neurolog | neuro
France,CHU Toulouse - Médecine physique et de réadaptation,"Toulouse, Occitanie",https://www.chu-toulouse.fr/-medecine-physique-et-de-readaptation-,curated-dataset | france-pilot-official-seed,src/lib/data/centers.js | CHU MPR service seed,known,known (strict),médecine physique et de réadaptation | neurologique | avc | traumatisme crânien | lésion médullaire | réadaptation neurologique | rééducation | réadaptation | neurolog | neuro | lesion medull | hospital | centre
France,CMPR de Bobigny,"Bobigny, Île-de-France",https://www.cmpr-bobigny.com/,france-pilot-official-seed,specialist MPR rehabilitation centre seed,error,error (none),fetch failed; curl fallback failed: curl: (6) Could not resolve host: www.cmpr-bobigny.com
France,Fondation Hopale - Centre Jacques Calvé,"Berck, Hauts-de-France",https://www.fondation-hopale.org/,curated-dataset | france-pilot-official-seed,src/lib/data/centers.js | Fondation Hopale specialist rehabilitation seed,known,known (strict),rééducation | hospital | centre
France,Hôpital Albert-Chenevier - SMR neurolocomoteur,"Créteil, Île-de-France",https://www.aphp.fr/albert-chenevier/service-de-soins-medicaux-et-de-readaptation-neurolocomoteur,curated-dataset | france-pilot-official-seed,src/lib/data/centers.js | AP-HP neurolocomotor SMR service seed,known,known (strict),soins médicaux et de réadaptation neurolocomoteur | paraplégie | neurologie | analyse du mouvement | rééducation | réadaptation | neurolog | neuro | avc | hospital
France,Hôpital Henry Gabrielle — HCL,"Saint-Genis-Laval, Auvergne-Rhône-Alpes",https://www.chu-lyon.fr/hopital-henry-gabrielle,curated-dataset,src/lib/data/centers.js,known,known (strict),réadaptation neurologique | rééducation | réadaptation | neurolog | neuro | parkinson | avc | centre
France,Hôpital marin de Hendaye - SMR Maladies Rares Neurologiques,"Hendaye, Nouvelle-Aquitaine",https://www.aphp.fr/hendaye/service-de-smr-maladies-rares-neurologiques-crmr-huntington,curated-dataset | france-pilot-official-seed,src/lib/data/centers.js | AP-HP rare neurological diseases / Huntington SMR service seed,known,known (strict),maladies rares neurologiques | huntington | réadaptation | rééducation motrice | rééducation | neurolog | neuro | avc | hospital
France,Hôpital Maritime de Berck — AP-HP,"Berck, Hauts-de-France",https://maritimeberck.aphp.fr/presentation-de-lhopital-maritime-de-berck,curated-dataset,src/lib/data/centers.js,known,known (strict),rééducation neurologique | rééducation | réadaptation | neurolog | neuro | hospital
France,Hôpital Raymond-Poincaré - Neurologie et MPR pédiatrique,"Garches, Île-de-France",https://www.aphp.fr/raymond-poincare/service-de-neurologie-et-reanimation-pediatrique-medecine-physique-et-de,curated-dataset | france-pilot-official-seed,src/lib/data/centers.js | AP-HP pediatric neurology and MPR service seed,known,known (strict),médecine physique et de réadaptation pédiatrique | neurologie pédiatrique | pathologies neuromusculaires | pathologies cérébrales | rééducation | réadaptation | neurolog | neuro | hospital
France,Hôpital San Salvadour - SMR affections du système nerveux,"Hyères, Provence-Alpes-Côte d’Azur",https://www.aphp.fr/san-salvadour/service-de-soins-medicaux-et-de-readaptation-smr-affections-du-systeme-nerveux,curated-dataset | france-pilot-official-seed,src/lib/data/centers.js | AP-HP adult nervous-system SMR service seed,known,known (strict),affections du système nerveux | rééducation post-avc | sclérose en plaques | maladie de parkinson | traumatisme cranien | rééducation des pathologies médulaires | rééducation | réadaptation | neurolog | neuro | parkinson | accident vasculaire cérébral | hospital
France,Hôpitaux Paris Saint-Maurice,"Saint-Maurice, Île-de-France",https://www.hopitaux-saint-maurice.fr/,france-pilot-official-seed,public hospital seed / MPR neuro,error,error (none),"fetch failed; curl fallback failed: how to fix it, please visit the web page mentioned above."
France,Institut Universitaire de Réadaptation Clemenceau,"Strasbourg, Grand Est",https://www.ugecam-alsace.fr/institut-universitaire-de-readaptation-clemenceau,france-pilot-official-seed,UGECAM university rehabilitation institute seed,error,error (none),"fetch failed; curl fallback failed: how to fix it, please visit the web page mentioned above."
France,Pôle Saint-Hélier,"Rennes, Brittany",https://www.pole-sthelier.fr/,curated-dataset | france-pilot-official-seed,src/lib/data/centers.js | official rehabilitation centre seed,known,known (strict),avc | réadaptation | neurolog | neuro | lésions médullaires | centre
France,Service universitaire de MPR neurologique — CHU de Nantes,"Nantes, Pays de la Loire",https://www.chu-nantes.fr/medecine-physique-et-de-readaptation-neurologique,curated-dataset,src/lib/data/centers.js,known,known (strict),réadaptation neurologique | rééducation | réadaptation | neurolog | neuro | lesion medull | lésion médullaire
Germany,Asklepios Klinik Schaufling,"Schaufling, Bavaria",https://www.asklepios.com/schaufling,curated-dataset | germany-pilot-official-seed,src/lib/data/centers.js | Asklepios official site / specialist rehab clinic,known,known (strict),neurologie | neuropsychologie | rehabilitation | rehab | neurolog | neuro | nah | klinik | zentrum
Germany,Asklepios Neurologische Klinik Bad Salzhausen,"Bad Salzhausen, Hesse",https://www.asklepios.com/bad-salzhausen,curated-dataset | germany-pilot-official-seed,src/lib/data/centers.js | Asklepios official site / specialist neurology clinic,known,known (strict),neurologische klinik | neurologische rehabilitation | rehabilitation | rehab | neurolog | neuro | stroke | nah | klinik | zentrum
Germany,BDH-Klinik Braunfels,"Braunfels, Hesse",https://www.bdh-klinik-braunfels.de/bdh-klinik-braunfels,curated-dataset | germany-pilot-official-seed,src/lib/data/centers.js | BDH clinic network / official clinic site,known,known (strict),stroke unit | neurologische rehabilitation | rehabilitation | rehab | neurolog | neuro | stroke | nah | klinik
Germany,BDH-Klinik Elzach,"Elzach, Baden-Württemberg",https://www.bdh-klinik-elzach.de/,curated-dataset | germany-pilot-official-seed,src/lib/data/centers.js | BDH clinic network / official clinic site,known,known (strict),neurologische rehabilitation | rehabilitation | rehab | neurolog | neuro | nah | klinik
Germany,BDH-Klinik Greifswald,"Greifswald, Mecklenburg-Vorpommern",https://www.bdh-klinik-greifswald.de/,curated-dataset | germany-pilot-official-seed,src/lib/data/centers.js | BDH clinic network / official clinic site,known,known (strict),Zentrum für Neurorehabilitation | neurologische rehabilitation | querschnitt | neurorehabilitation | rehabilitation | rehab | neurolog | neuro | nah | klinik
Germany,BDH-Klinik Hessisch Oldendorf,"Hessisch Oldendorf, Lower Saxony",https://www.bdh-klinik-hessisch-oldendorf.de/,curated-dataset | germany-pilot-official-seed,src/lib/data/centers.js | BDH clinic network / official clinic site,known,known (strict),neurologische rehabilitation | medizinisch-berufliche rehabilitation | rehabilitation | rehab | neurolog | neuro | stroke | nah | klinik
Germany,BDH-Klinik Vallendar,"Vallendar, Rhineland-Palatinate",https://www.bdh-klinik-vallendar.de/,curated-dataset | germany-pilot-official-seed,src/lib/data/centers.js | BDH clinic network / official clinic site,known,known (strict),neurologische reha | beatmungsmedizin | medizinische rehabilitation | neurologische rehabilitation | rehabilitation | rehab | neurolog | neuro | nah | klinik
Germany,Dr. Becker Kiliani-Klinik,"Bad Windsheim, Bavaria",https://www.dbkg.de/kliniken/dr-becker-kiliani-klinik,germany-second-pass-official-seed,Dr. Becker clinic group / neurology rehabilitation seed,rejected,rejected (none),klinik
Germany,Dr. Becker Neurozentrum Niedersachsen,"Bad Essen, Lower Saxony",https://www.dbkg.de/kliniken/dr-becker-neurozentrum-niedersachsen,curated-dataset | germany-second-pass-official-seed,src/lib/data/centers.js | Dr. Becker clinic group / neurology rehabilitation seed,known,known (weak),neuro | zentrum
Germany,Dr. Becker Rhein-Sieg-Klinik,"Nuembrecht, North Rhine-Westphalia",https://www.dbkg.de/kliniken/dr-becker-rhein-sieg-klinik,germany-second-pass-official-seed,Dr. Becker clinic group / neurology rehabilitation seed,rejected,rejected (none),klinik
Germany,Hegau-Jugendwerk Gailingen,"Gailingen am Hochrhein, Baden-Württemberg",https://hegau-jugendwerk.de/,curated-dataset | germany-pilot-official-seed,src/lib/data/centers.js | official clinic site,known,known (strict),Neurologisches Krankenhaus und Rehabilitationszentrum | neurologisches krankenhaus | rehabilitationszentrum | kinder | jugendliche | neurologische rehabilitation | rehabilitation | rehab | neurolog | neuro | nah | zentrum
Germany,Johanniter-Klinik Godeshöhe,"Bonn, North Rhine-Westphalia",https://www.godeshoehe.de/,curated-dataset | germany-pilot-official-seed,src/lib/data/centers.js | official clinic site,known,known (strict),neurologische intensivmedizin | multiple sklerose | morbus parkinson | rehabilitation | rehab | neurolog | neuro | parkinson | nah | klinik | zentrum
Germany,KLINIK BAVARIA Kreischa,"Kreischa, Saxony",https://www.klinik-bavaria.de/,curated-dataset | germany-pilot-official-seed,src/lib/data/centers.js | official clinic site,known,known (strict),neurologie | intensivrehabilitation | rehabilitation | rehab | neurolog | neuro | nah | klinik | center
Germany,Kliniken Schmieder,"Heidelberg, Baden-Württemberg",https://kliniken-schmieder.com/hospital/konstanz,curated-dataset | germany-pilot-official-seed,src/lib/data/centers.js | Kliniken Schmieder official site,known,known (strict),неврологическая реабилитация | реабилитация | невролог | инсульт | черепно-мозгов | рассеянный склероз | klinik
Germany,Kliniken Schmieder Allensbach,"Allensbach, Baden-Württemberg",https://kliniken-schmieder.com/hospital/allensbach,curated-dataset | germany-pilot-official-seed,src/lib/data/centers.js | Kliniken Schmieder official site,known,known (strict),неврологическая реабилитация | реабилитация | невролог | инсульт | черепно-мозгов | рассеянный склероз | klinik
Germany,Kliniken Schmieder Gailingen,"Gailingen am Hochrhein, Baden-Württemberg",https://kliniken-schmieder.com/hospital/gailingen,curated-dataset | germany-pilot-official-seed,src/lib/data/centers.js | Kliniken Schmieder official site,known,known (strict),неврологическая реабилитация | реабилитация | невролог | инсульт | черепно-мозгов | рассеянный склероз | klinik
Germany,Kliniken Schmieder Gerlingen,"Gerlingen, Baden-Württemberg",https://kliniken-schmieder.com/hospital/gerlingen,curated-dataset | germany-pilot-official-seed,src/lib/data/centers.js | Kliniken Schmieder official site,known,known (strict),неврологическая реабилитация | реабилитация | невролог | инсульт | черепно-мозгов | рассеянный склероз | klinik
Germany,Kliniken Schmieder Heidelberg,"Heidelberg, Baden-Württemberg",https://kliniken-schmieder.com/hospital/heidelberg,curated-dataset | germany-pilot-official-seed,src/lib/data/centers.js | Kliniken Schmieder official site,known,known (strict),неврологическая реабилитация | реабилитация | невролог | инсульт | черепно-мозгов | рассеянный склероз | klinik
Germany,Kliniken Schmieder Konstanz,"Konstanz, Baden-Württemberg",https://kliniken-schmieder.com/,curated-dataset,src/lib/data/centers.js,known,known (strict),neurorehabilitation | neurological rehabilitation | rehabilitation | rehab | neurolog | neuro | stroke | spinal | clinic | klinik
Germany,Kliniken Schmieder Stuttgart,"Stuttgart, Baden-Württemberg",https://kliniken-schmieder.com/hospital/stuttgart,curated-dataset | germany-pilot-official-seed,src/lib/data/centers.js | Kliniken Schmieder official site,known,known (strict),неврологическая реабилитация | реабилитация | невролог | инсульт | черепно-мозгов | рассеянный склероз | klinik
Germany,m&i-Fachklinik Bad Heilbrunn,"Bad Heilbrunn, Bavaria",https://www.fachklinik-bad-heilbrunn.de/,curated-dataset | germany-pilot-official-seed,src/lib/data/centers.js | m&i Klinikgruppe Enzensberg official site,known,known (broad),rehabilitation | rehab | neurolog | neuro | nah | klinik | zentrum
Germany,m&i-Fachklinik Bad Liebenstein,"Bad Liebenstein, Thuringia",https://www.fachklinik-bad-liebenstein.de/,curated-dataset | germany-pilot-official-seed,src/lib/data/centers.js | m&i Klinikgruppe Enzensberg official site,known,known (strict),weaning | neurorehabilitation | rehabilitation | rehab | neurolog | neuro | nah | klinik
Germany,m&i-Fachklinik Enzensberg,"Füssen, Bavaria",https://www.fachklinik-enzensberg.de/,curated-dataset | germany-pilot-official-seed,src/lib/data/centers.js | m&i Klinikgruppe Enzensberg official site,known,known (strict),phase b | rehabilitation | rehab | neurolog | neuro | nah | klinik | zentrum
Germany,m&i-Fachklinik Herzogenaurach,"Herzogenaurach, Bavaria",https://www.fachklinik-herzogenaurach.de/,curated-dataset | germany-pilot-official-seed,src/lib/data/centers.js | m&i Klinikgruppe Enzensberg official site,known,known (broad),rehabilitation | rehab | neurolog | neuro | nah | klinik | zentrum
Germany,m&i-Fachklinik Ichenhausen,"Ichenhausen, Bavaria",https://www.fachklinik-ichenhausen.de/,curated-dataset | germany-pilot-official-seed,src/lib/data/centers.js | m&i Klinikgruppe Enzensberg official site,known,known (strict),neurologie | parkinson | rehabilitation | rehab | neurolog | neuro | nah | klinik
Germany,m&i-Fachkliniken Hohenurach,"Bad Urach, Baden-Württemberg",https://www.fachkliniken-hohenurach.de/,curated-dataset | germany-pilot-official-seed,src/lib/data/centers.js | m&i Klinikgruppe Enzensberg official site,known,known (strict),neuropsychologie | schlaganfall | rehabilitation | rehab | neurolog | neuro | klinik | zentrum
Germany,Marcus Klinik Bad Driburg,"Bad Driburg, North Rhine-Westphalia",https://www.marcus-klinik.de/,curated-dataset | germany-pilot-official-seed,src/lib/data/centers.js | official clinic site,known,known (strict),neurologie | parkinson | rehabilitation | rehab | neurolog | neuro | nah | klinik
Germany,MEDIAN Klinik Berlin-Kladow,"Berlin, Berlin",https://www.median-kliniken.de/de/median-klinik-berlin-kladow,curated-dataset | germany-second-pass-official-seed,src/lib/data/centers.js | MEDIAN clinic group / neurological rehabilitation seed,known,known (strict),neurologische rehabilitation | neurologie | schlaganfall | rehabilitation | rehab | neurolog | neuro | nah | klinik
Germany,MEDIAN Klinik Flechtingen,"Flechtingen, Saxony-Anhalt",https://www.median-kliniken.de/de/median-klinik-flechtingen,curated-dataset | germany-second-pass-official-seed,src/lib/data/centers.js | MEDIAN clinic group / neurological rehabilitation seed,known,known (strict),neurologie | phase b | rehabilitation | rehab | neurolog | neuro | nah | klinik
Germany,MEDIAN Klinik Gyhum,"Gyhum, Lower Saxony",https://www.median-kliniken.de/de/median-klinik-gyhum,curated-dataset | germany-second-pass-official-seed,src/lib/data/centers.js | MEDIAN clinic group / neurological rehabilitation seed,known,known (strict),neurologie | rehabilitation | rehab | neurolog | neuro | nah | klinik
Germany,MEDIAN Klinik Kalbe,"Kalbe, Saxony-Anhalt",https://www.median-kliniken.de/de/median-klinik-kalbe,curated-dataset | germany-second-pass-official-seed,src/lib/data/centers.js | MEDIAN clinic group / neurological rehabilitation seed,known,known (strict),neurologie | rehabilitation | rehab | neurolog | neuro | nah | klinik
Germany,MEDIAN Klinik NRZ Magdeburg,"Magdeburg, Saxony-Anhalt",https://www.median-kliniken.de/de/median-klinik-nrz-magdeburg,curated-dataset | germany-second-pass-official-seed,src/lib/data/centers.js | MEDIAN clinic group / neurological rehabilitation seed,known,known (strict),neurologische rehabilitation | schlaganfall | neurorehabilitation | rehabilitation | rehab | neurolog | neuro | nah | klinik
Germany,MEDIAN Klinik Wilhelmshaven,"Wilhelmshaven, Lower Saxony",https://www.median-kliniken.de/de/median-klinik-wilhelmshaven,curated-dataset | germany-second-pass-official-seed,src/lib/data/centers.js | MEDIAN clinic group / neurological rehabilitation seed,known,known (strict),neurologie | rehabilitation | schlaganfall | neurorehabilitation | rehab | neurolog | neuro | nah | klinik
Germany,MediClin Fachklinik Rhein/Ruhr,"Essen, North Rhine-Westphalia",https://www.fachklinik-rheinruhr.de/,curated-dataset | germany-pilot-official-seed,src/lib/data/centers.js | MediClin official site / specialist rehab clinic,known,known (strict),neurologie | schlaganfall | multiple sklerose | rehabilitation | rehab | neurolog | neuro | nah | klinik | klinika
Germany,MediClin Hedon Klinik,"Lingen, Lower Saxony",https://www.hedon-klinik.de/,germany-pilot-official-seed,MediClin official site / specialist rehab clinic,error,error (none),fetch failed; curl fallback failed: curl: (6) Could not resolve host: www.hedon-klinik.de
Germany,Moritz Klinik Bad Klosterlausnitz,"Bad Klosterlausnitz, Thuringia",https://www.moritz-klinik.de/,curated-dataset | germany-pilot-official-seed,src/lib/data/centers.js | official clinic site,known,known (strict),neurologie | rehabilitation | schlaganfall | rehab | neurolog | neuro | nah | klinik
Germany,Passauer Wolf Bad Gögging,"Bad Gögging, Bavaria",https://www.passauerwolf.de/standorte/bad-goegging,curated-dataset | germany-second-pass-official-seed,src/lib/data/centers.js | Passauer Wolf specialist rehabilitation group seed,known,known (strict),neurologie | rehabilitation | schlaganfall | parkinson | rehab | neurolog | neuro | nah | klinik | zentrum
Germany,Passauer Wolf Bad Griesbach,"Bad Griesbach, Bavaria",https://www.passauerwolf.de/standorte/bad-griesbach,curated-dataset | germany-second-pass-official-seed,src/lib/data/centers.js | Passauer Wolf specialist rehabilitation group seed,known,known (strict),neurologie | rehabilitation | schlaganfall | parkinson | rehab | neurolog | neuro | nah | klinik | zentrum
Germany,Passauer Wolf Nittenau,"Nittenau, Bavaria",https://www.passauerwolf.de/standorte/nittenau,curated-dataset | germany-second-pass-official-seed,src/lib/data/centers.js | Passauer Wolf specialist rehabilitation group seed,known,known (strict),neurologie | rehabilitation | schlaganfall | parkinson | rehab | neurolog | neuro | nah | klinik | zentrum
Germany,RehaNova Köln,"Cologne, North Rhine-Westphalia",https://www.rehanova.de/,curated-dataset | germany-pilot-official-seed,src/lib/data/centers.js | official clinic site,known,known (strict),neurologisch-neurochirurgische rehabilitationsklinik | phase b-d | schlaganfall | multiple sklerose | parkinson | neurologische rehabilitation | rehabilitation | rehab | neurolog | neuro | nah | clinic | klinik
Germany,Sankt Rochus Kliniken,"Bad Schönborn, Baden-Württemberg",https://www.sankt-rochus-kliniken.de/,curated-dataset | germany-pilot-official-seed,src/lib/data/centers.js | official clinic site,known,known (strict),neurologische rehabilitation | phase b | phase c | phase d | rehabilitation | rehab | neurolog | neuro | nah | klinik
Germany,Schön Klinik Bad Aibling Harthausen,"Bad Aibling, Bavaria",https://www.schoen-klinik.de/bad-aibling-harthausen,curated-dataset | germany-pilot-official-seed,src/lib/data/centers.js | official clinic site,known,known (strict),stroke unit | schlaganfall | parkinson | rehabilitation | rehab | neurolog | neuro | stroke | spinal | klinik | zentrum
Germany,SRH Fachkrankenhaus Neresheim,"Neresheim, Baden-Württemberg",https://www.fachkrankenhaus-neresheim.de/,curated-dataset | germany-second-pass-official-seed,src/lib/data/centers.js | SRH specialist hospital / neurological early rehabilitation seed,known,known (strict),intensivmedizin | rehabilitation | rehab | neurolog | neuro | nah | klinik
Germany,SRH Kurpfalzkrankenhaus Heidelberg,"Heidelberg, Baden-Württemberg",https://www.kurpfalzkrankenhaus.de/,curated-dataset | germany-pilot-official-seed,src/lib/data/centers.js | official hospital site / specialist neurology hospital,known,known (strict),neurologie | neurolog | neuro | nah | klinik
Germany,Vitrea Klinik Hattingen,"Hattingen, North Rhine-Westphalia",https://www.vitrea-gesundheit.de/reha/hattingen,curated-dataset | germany-second-pass-official-seed,src/lib/data/centers.js | Vitrea / former VAMED neurological rehabilitation seed,known,known (strict),neurologie | neurochirurgie | rehabilitation | rehab | neurolog | neuro | nah | klinik | zentrum
Hungary,National Center for Spinal Disorders,"Budapest, Budapest",https://nepegeszsegugyi-egyesulet.hu/en/national-center-spinal-disorders-buda-health-center,curated-dataset,src/lib/data/centers.js,known,known (none),center
Italy,Auxologico Meda Riabilitazione,"Meda, Lombardia",https://www.auxologico.it/sedi/auxologico-meda-riabilitazione,curated-dataset,src/lib/data/centers.js,known,known (broad),riabilitazione | neurolog | neuro | centro
Italy,Centro di riabilitazione Villa Beretta,"Costa Masnaga, Lombardia",https://www.valduce.it/it/chi-siamo/centro-di-riabilitazione-villa-beretta,curated-dataset,src/lib/data/centers.js,known,known (broad),rehabilitation | rehab | riabilitazione | neurolog | neuro | ictus | spinal | centro
Italy,Centro Giusti Firenze,"Florence, Tuscany",https://www.centrogiusti.eu/,curated-dataset,src/lib/data/centers.js,known,known (broad),rehabilitation | rehab | riabilitazione | neurolog | neuro | ictus | lesioni midollari | centro
Italy,CRiS — Città di Rovigo,"Rovigo, Veneto",https://cris.cittadirovigo.it/,curated-dataset,src/lib/data/centers.js,known,known (strict),neuroriabilitazione | riabilitazione neurologica | riabilitazione | neurolog | neuro | ictus | spinal | clinic | centro
Italy,Fondazione Santa Lucia IRCCS,"Roma, Lazio",https://www.hsantalucia.it/servizi-sanitari/riabilitazione-neuromotoria,curated-dataset,src/lib/data/centers.js,known,known (strict),neuroriabilitazione | riabilitazione | neurolog | neuro | ictus | parkinson | hospital | centro
Italy,Fondazione Turati - Centro di Riabilitazione di Vieste,"Vieste, Puglia",https://fondazioneturati.it/centri-di-riabilitazione-e-terapia-fisica/centro-di-riabilitazione-a-vieste-della-fondazione-turati,curated-dataset | italy-first-pass-official-seed,src/lib/data/centers.js | official Fondazione Turati Vieste rehabilitation centre page,known,known (strict),riabilitazione | neurologica | neuromotorie | residenziale | ambulatoriale | Sistema Sanitario Nazionale | neurolog | neuro | parkinson | guillain-barre | centro
Italy,IRCCS Centro Neurolesi Bonino Pulejo,"Messina, Sicilia",https://www.irccsme.it/servizi/riabilitazione-robotica,curated-dataset,src/lib/data/centers.js,known,known (broad),riabilitazione | neurolog | neuro | clinic | centro
Italy,IRCCS Eugenio Medea,"Bosisio Parini, Lombardia",https://emedea.it/,curated-dataset,src/lib/data/centers.js,known,known (strict),neuroriabilitazione | riabilitazione | neuro
Italy,IRCCS Maugeri Castel Goffredo,"Castel Goffredo, Lombardia",https://www.icsmaugeri.it/dove-siamo/irccs-castel-goffredo,curated-dataset,src/lib/data/centers.js,known,known (broad),riabilitazione | neurolog | neuro
Italy,IRCCS Maugeri Montescano,"Montescano, Lombardia",https://www.icsmaugeri.it/dove-siamo/irccs-montescano,curated-dataset,src/lib/data/centers.js,known,known (broad),riabilitazione | neuro
Italy,IRCCS Maugeri Pavia,"Pavia, Lombardia",https://www.icsmaugeri.it/dove-siamo/irccs-pavia,curated-dataset,src/lib/data/centers.js,known,known (broad),riabilitazione | neuro | centro
Italy,IRCCS Maugeri Telese Terme,"Telese Terme, Campania",https://www.icsmaugeri.it/dove-siamo/irccs-telese,curated-dataset | italy-first-pass-official-seed,src/lib/data/centers.js | official Maugeri Telese Terme site and specialty pages,known,known (strict),Riabilitazione neuromotoria | Gravi cerebrolesioni | Riabilitazione spinale | Stati vegetativi persistenti | riabilitazione | neuro | spinal | clinic
Italy,IRCCS Maugeri Veruno,"Gattico-Veruno, Piemonte",https://www.icsmaugeri.it/dove-siamo/irccs-veruno,curated-dataset,src/lib/data/centers.js,known,known (broad),riabilitazione | neurolog | neuro | clinic
Italy,IRCCS Neuromed - Neuroriabilitazione,"Pozzilli, Molise",https://neuromed.it/reparti/neuroriabilitazione,curated-dataset | italy-first-pass-official-seed,src/lib/data/centers.js | official Neuromed neurorehabilitation department page,known,known (strict),Neuroriabilitazione | codice 75 | codice 56 | Sclerosi Multipla | Parkinson | riabilitazione robotica | neuroriabilitazione | riabilitazione | neurolog | neuro | spinal | parkinson
Italy,IRCCS S. Maria Nascente — Don Gnocchi,"Milano, Lombardia",https://www.dongnocchi.it/@strutture/centro-irccs-s-maria-nascente,curated-dataset,src/lib/data/centers.js,known,known (broad),rehabilitation | rehab | riabilitazione | neurolog | neuro | parkinson
Italy,Montecatone Rehabilitation Institute,"Imola, Emilia-Romagna",https://www.montecatone.com/,curated-dataset,src/lib/data/centers.js,known,known (strict),neuroriabilitazione | riabilitazione neurologica | rehabilitation | rehab | riabilitazione | neurolog | neuro | spinal | lesioni midollari | hospital
Italy,Ospedale San Camillo IRCCS,"Venezia Lido, Veneto",https://hsancamillo.it/ospedale-irccs-san-camillo-di-venezia,curated-dataset | italy-first-pass-official-seed,src/lib/data/centers.js | official San Camillo IRCCS hospital profile,known,known (strict),Neuroriabilitazione | lesioni cerebrali | lesioni ischemiche | mielolesioni | Sclerosi Multipla | IRCCS | neuroriabilitazione | riabilitazione | neurolog | neuro | clinic
Italy,Prosperius Villa Cherubini - Riabilitazione Neurologica,"Firenze, Toscana",https://prosperius.it/riabilitazione/riabilitazione-neurologica,curated-dataset | italy-first-pass-official-seed,src/lib/data/centers.js | official Prosperius Villa Cherubini neurological rehabilitation page,known,known (strict),Riabilitazione Neurologica | ictus cerebrale | Sclerosi Multipla | Parkinson | Riabilitazione robotica | ricovero | neuroriabilitazione | riabilitazione neurologica | rehabilitation | rehab | riabilitazione | neurolog | neuro | ictus | parkinson | hospital | clinic
Netherlands,Basalt,"The Hague, South Holland",https://basaltrevalidatie.nl/volwassenen/neurologische-revalidatie,curated-dataset | netherlands-first-pass-official-seed,src/lib/data/centers.js | official Basalt neurological rehabilitation page,known,known (strict),Neurologische revalidatie | Neurorevalidatie | beroerte | dwarslaesie | MS | ALS | Parkinson | neurologische revalidatie | neurorevalidatie | revalidatie | neurolog | neuro | parkinson
Netherlands,Basalt Leiden,"Leiden, South Holland",https://basaltrevalidatie.nl/volwassenen/neurologische-revalidatie/locaties,curated-dataset | netherlands-second-pass-official-seed,src/lib/data/centers.js | official Basalt neurological rehabilitation locations page and Leiden location page,known,known (strict),Basalt biedt neurorevalidatie aan op de locaties | Leiden (kliniek en polikliniek) | Kliniek | neurorevalidatie | revalidatie | neuro
Netherlands,De Hoogstraat Revalidatie,"Utrecht, Utrecht",https://www.dehoogstraat.nl/,curated-dataset | netherlands-first-pass-official-seed,src/lib/data/centers.js | official De Hoogstraat rehabilitation site,known,known (strict),Dwarslaesie | Guillain-Barré syndroom (GBS) | Locked-in syndroom | Multiple sclerose (MS) | Niet-aangeboren hersenletsel | Spina bifida | revalidatie | dwarslaesie | beroerte | cva | hersenletsel
Netherlands,Heliomare,"Wijk aan Zee, North Holland",https://www.heliomare.nl/,curated-dataset | netherlands-first-pass-official-seed,src/lib/data/centers.js | official Heliomare rehabilitation and expertise pages,known,known (strict),medisch specialistische revalidatie | hersenletsel | dwarslaesie | multiple sclerose (MS) | klinisch | poliklinisch | revalidatie | niet-aangeboren hersenletsel | nah | kliniek
Netherlands,Klimmendaal,"Arnhem, Gelderland",https://www.klimmendaal.nl/volwassenen/behandelingen/niet-aangeboren-hersenletsel,curated-dataset | netherlands-first-pass-official-seed,src/lib/data/centers.js | official Klimmendaal adult neurological treatment pages,known,known (strict),Niet-Aangeboren Hersenletsel | Beroerte | MS | Parkinson | Neuromusculaire aandoeningen | ALS | revalidatie | neuro | parkinson | beroerte | herseninfarct
Netherlands,Libra Revalidatiecentrum Blixembosch,"Eindhoven, North Brabant",https://www.libranet.nl/behandelprogrammas/vroege-intensieve-neurorevalidatie-vin-langdurige-bewustzijnsstoornis-coma,curated-dataset | netherlands-first-pass-official-seed,src/lib/data/centers.js | official Libra intensive neurorehabilitation programme page,known,known (strict),Vroege Intensieve Neurorevalidatie | langdurige bewustzijnsstoornis | coma | neurorevalidatie | revalidatie | neuro | hersenletsel | kliniek
Netherlands,Libra Revalidatiecentrum Leijpark,"Tilburg, North Brabant",https://www.libranet.nl/service-menu/locaties/libra-revalidatiecentrum-leijpark-tilburg,curated-dataset | netherlands-second-pass-official-seed,src/lib/data/centers.js | official Libra Leijpark Tilburg rehabilitation centre location page,known,known (strict),Vroege Intensieve Neurorevalidatie (VIN) | ernstig hersenletsel | beroerte | traumatisch hersenletsel | neurologische aandoeningen | klinische revalidatie | neurorevalidatie | revalidatie | neurolog | neuro | hersenletsel | kliniek
Netherlands,Merem Medische Revalidatie,"Hilversum, North Holland",https://www.merem.nl/voor-patienten/volwassenen/niet-aangeboren-hersenletsel,curated-dataset | netherlands-first-pass-official-seed,src/lib/data/centers.js | official Merem adult acquired brain injury page,known,known (strict),Niet Aangeboren Hersenletsel | revalidatiearts | klinische of poliklinische behandeling | afasieteam | spasticiteit | klinische behandeling | revalidatie | neuro | hersenletsel | nah
Netherlands,Revalidatie Friesland - Lyndenstein,"Beetsterzwaag, Friesland",https://www.revalidatie-friesland.nl/,curated-dataset | netherlands-first-pass-official-seed,src/lib/data/centers.js | official Revalidatie Friesland rehabilitation centre site,known,known (strict),"hersenletsel (NAH) | spasticiteit | kinderen, jongeren en volwassenen | klinische revalidatiemogelijkheden | specialist in revalidatie | revalidatie | beroerte | hersenletsel | nah"
Netherlands,Revant Revalidatiecentrum Breda,"Breda, North Brabant",https://www.revant.nl/neurologischerevalidatie,curated-dataset | netherlands-first-pass-official-seed,src/lib/data/centers.js | official Revant neurological rehabilitation page,known,known (strict),Neurologische revalidatie | dwarslaesie | beroerte | MS | Parkinson | ALS | Niet Aangeboren Hersenletsel | neurologische revalidatie | revalidatie | neurolog | neuro | parkinson
Netherlands,Rijndam Revalidatie,"Rotterdam, South Holland",https://www.rijndam.nl/specialismen-behandelingen/revalidatie,curated-dataset | netherlands-first-pass-official-seed,src/lib/data/centers.js | official Rijndam rehabilitation page,known,known (strict),Dwarslaesie | MS (Multiple Sclerose) | NAH (niet-aangeboren hersenletsel) | Parkinson | Spierziekten | Cerebrale Parese | revalidatie | parkinson | dwarslaesie | hersenletsel | niet-aangeboren hersenletsel
Netherlands,Roessingh,"Enschede, Overijssel",https://www.roessingh.nl/,curated-dataset | netherlands-first-pass-official-seed,src/lib/data/centers.js | official Roessingh rehabilitation centre site,known,known (strict),Dwarslaesie | Multiple Sclerose (MS) | Neuromusculaire Aandoeningen (NMA) | Niet-Aangeboren Hersenletsel (NAH) | Ziekte van Parkinson | Neurologische problematiek | revalidatie | neurolog | neuro | parkinson | dwarslaesie
Netherlands,Sint Maartenskliniek,"Nijmegen, Gelderland",https://www.maartenskliniek.nl/revalidatiegeneeskunde,curated-dataset | netherlands-first-pass-official-seed,src/lib/data/centers.js | official Sint Maartenskliniek rehabilitation medicine page,known,known (strict),dwarslaesie | niet-aangeboren hersenaandoening | zenuw- en spierziekten | beroerte | traumatisch hersenletsel | Multiple Sclerose | revalidatie | neurolog | neuro | dwarslaesiezorg | kliniek
Netherlands,Vogellanden,"Zwolle, Overijssel",https://www.vogellanden.nl/revalidatie/aandoeningen,curated-dataset | netherlands-second-pass-official-seed,src/lib/data/centers.js | official Vogellanden rehabilitation condition pages and contact page,known,known (strict),Dwarslaesie | Traumatisch hersenletsel | Niet-aangeboren hersenletsel | revalidatie | dwarslaesie | beroerte | cva | hersenletsel
Norway,Sunnaas sykehus HF,"Bjørnemyr, Akershus",https://www.sunnaas.no/,curated-dataset,src/lib/data/centers.js,known,known (broad),rehab | spinal cord | spinal
Poland,Centrum Kompleksowej Rehabilitacji Konstancin,"Konstancin-Jeziorna, Masovian Voivodeship",https://ckr.pl/rehabilitacja,curated-dataset | poland-first-pass-official-seed,src/lib/data/centers.js | official CKR Konstancin rehabilitation centre site,known,known (strict),Egzoszkielet | rehab | rehabilitacja | neurolog | neuro | oddział
Poland,Centrum Origin Kraków,"Kraków, Lesser Poland Voivodeship",https://www.originpolska.com/placowka/centrum-origin-krakow,curated-dataset | poland-first-pass-official-seed,src/lib/data/centers.js | official Origin Polska Kraków rehabilitation centre page and programme navigation,known,known (strict),rehabilitacji neurologicznej | Udar mózgu | Urazy rdzenia kręgowego | Urazy mózgowo-czaszkowe | Choroba Parkinsona | Wyposażenie i robotyka | rehab | rehabilitacja | neurolog | neuro | udar mózgu | udarach mózgu
Poland,Centrum Origin Otwock,"Otwock, Masovian Voivodeship",https://www.originpolska.com/placowka/centrum-origin-otwock,curated-dataset | poland-first-pass-official-seed,src/lib/data/centers.js | official Origin Polska Otwock rehabilitation centre page and programme navigation,known,known (strict),Udar mózgu | Urazy rdzenia kręgowego | Urazy mózgowo-czaszkowe | Choroba Parkinsona | Wyposażenie i robotyka | rehab | rehabilitacja | neurolog | neuro | udar mózgu | udarze
Poland,Constance Care,"Kierszek, Masovian Voivodeship",https://constancecare.pl/pl/rehabilitacja-neurologiczna,curated-dataset | poland-first-pass-official-seed,src/lib/data/centers.js | official Constance Care rehabilitation centre site,known,known (strict),rehabilitacja neurologiczna | urazach czaszkowo-mózgowych | urazach rdzenia kręgowego | stwardnienie rozsiane | choroba Parkinsona | rehabilitacji neurologicznej | rehab | rehabilitacja | neurolog | neuro | udarach mózgu | po udarze
Poland,"Górnośląskie Centrum Rehabilitacji ""Repty""","Tarnowskie Góry, Silesian Voivodeship",https://repty.pl/,curated-dataset | poland-first-pass-official-seed,src/lib/data/centers.js | official Repty GCR rehabilitation hospital site,known,known (strict),rehabilitacja neurologiczna | rehab | rehabilitacja | neurolog | neuro | szpital | oddział
Portugal,Centro de Medicina de Reabilitação de Alcoitão,"Alcoitão, Lisbon District",https://cmra.scml.pt/,curated-dataset,src/lib/data/centers.js,known,known (weak),reabilitação | centro
Slovenia,Center Korak,"Kranj, Upper Carniola",https://center-korak.si/zdravstvene-storitve,curated-dataset | slovenia-first-pass-official-seed,src/lib/data/centers.js | official Center Korak health-services page,known,known (strict),Dolgotrajna rehabilitacija za osebe s pridobljeno možgansko poškodbo | nevrofizioterapije | plastičnost živčnega sistema | Delovna terapija | Logopedske storitve | nevrofizioterapija | dolgotrajna rehabilitacija | rehabilitacija za osebe s pridobljeno možgansko poškodbo | rehab | rehabilitacija | pridobljeno možgansko poškodbo | možganski poškodbi | živčnega sistema | center
Slovenia,Center Naprej,"Maribor, Styria",https://www.center-naprej.si/rehabilitacija,curated-dataset | slovenia-first-pass-official-seed,src/lib/data/centers.js | official Center Naprej rehabilitation page,known,known (strict),dolgotrajni rehabilitaciji | nevrološke okvare | Nevroplastičnost možganov | interdisciplinarno | nevrofizioterapija | dolgotrajna rehabilitacija | rehab | rehabilitacija | rehabilitacije | avc | center | zavod
Slovenia,CIRIUS Kamnik,"Kamnik, Upper Carniola",https://www.cirius-kamnik.si/zdravstvo/medicinska-rehabilitacija/fizioterapija,curated-dataset | slovenia-second-pass-official-seed,src/lib/data/centers.js | official CIRIUS Kamnik physiotherapy and medical rehabilitation pages,known,known (strict),nevrofizioterapevtski pristop | okvare in poškodbe osrednjega živčevja | RNO – Razvojno nevrološka obravnava | Bobath za odrasle | PNF | TheraSuit terapija | nevrofizioterapija | medicinska rehabilitacija | rehab | rehabilitacija | rehabilitacije | osrednjega živčevja | živčni sistem | nevromišičnimi | nevromišičnimi okvarami | zavod
Slovenia,CIRIUS Vipava,"Vipava, Littoral-Inner Carniola",https://www.cirius-vipava.si/fizioterapija,curated-dataset | slovenia-second-pass-official-seed,src/lib/data/centers.js | official CIRIUS Vipava physiotherapy and therapy pages,known,known (strict),"nevrofizioterapija | obolenja in poškodbe nevrološkega sistema | možgani, hrbtenjača | Razvojna nevrološka obravnava | Bobath koncept za odrasle | cerebralno paralizo | rehab | rehabilitacije | nevrološke okvare | nevrološkega sistema | živčni sistem | živčno-mišičnega sistema | center"
Slovenia,Thermana Laško,"Laško, Savinja",https://www.thermana.si/sl/program-po-mozganski-kapi,curated-dataset | slovenia-second-pass-official-seed,src/lib/data/centers.js | official Thermana Laško stroke programme page,known,known (strict),Program po možganski kapi | celovita rehabilitacijska obravnava | multidisciplinarno sodelovanje | posvet pri fizioterapevtu | Bobath obravnava | program po možganski kapi | rehab | možganski kapi | po možganski kapi
Slovenia,URI Soča,"Ljubljana, Ljubljana",https://www.uri-soca.si/en/medical-rehabilitation,curated-dataset | slovenia-first-pass-official-seed,src/lib/data/centers.js | official URI Soča medical rehabilitation page,known,known (strict),central and peripheral nervous system disorders | Traumatic Brain Injury | Multiple Sclerosis | after Stroke | Spinal Lesions | (Re)habilitation of Children | rehabilitation | rehab | neurolog | neuro | stroke | spinal cord
Spain,CEADAC - Centro de Referencia Estatal de Atención al Daño Cerebral,"Madrid, Community of Madrid",https://ceadac.imserso.es/,curated-dataset | spain-first-pass-official-seed,src/lib/data/centers.js | official Imserso state reference centre page,known,known (strict),Centro de Referencia Estatal de Atención al Daño Cerebral | daño cerebral | daño cerebral adquirido | servicios de atención directa | rehab | rehabilitación | centro
Spain,Centro Casaverde Madrid,"Madrid, Community of Madrid",https://casaverdeneuro.com/centros/madrid/centro-casaverde-madrid,curated-dataset | spain-first-pass-official-seed,src/lib/data/centers.js | official Casaverde Neuro centre page,known,known (strict),Centros Casaverde Neurorrehabilitación | neurorrehabilitación | rehabilitación neurológica | ictus | parkinson | centro | unidad | rehab | rehabilitación | neurolog | neuro | cerebrovascular
Spain,Clínica San Vicente,"Madrid, Community of Madrid",https://www.clinicasanvicente.es/,curated-dataset | spain-first-pass-official-seed,src/lib/data/centers.js | official neurorehabilitation clinic page,known,known (strict),daño cerebral | unidad | rehab | rehabilitación | neuro | hospital | clinic
Spain,Hospital Beata María Ana - Unidad de Daño Cerebral Rehabilitable,"Madrid, Community of Madrid",https://fundacionhospitalariasmadrid.org/que-hacemos/unidades-especializadas/unidad-de-dano-cerebral-rehabilitable,curated-dataset | spain-first-pass-official-seed,src/lib/data/centers.js | official Fundación Hospitalarias Madrid brain injury unit page,known,known (strict),Unidad de Daño Cerebral | neurorehabilitación | neurorrehabilitación | ictus | traumatismo craneoencefálico | lesión medular | hospitalización | rehab | rehabilitación | neurolog | neuro | hospital | centro
Spain,Hospital Casaverde Alicante,"Mutxamel, Valencian Community",https://casaverdeneuro.com/centros/alicante/hospital-casaverde,curated-dataset | spain-first-pass-official-seed,src/lib/data/centers.js | official Casaverde Neuro hospital page,known,known (strict),Centros Casaverde Neurorrehabilitación | neurorrehabilitación | rehabilitación neurológica | ictus | parkinson | hospital | unidad | rehab | rehabilitación | neurolog | neuro | cerebrovascular | centro
Spain,Hospital Casaverde Extremadura,"Mérida, Extremadura",https://casaverdeneuro.com/centros/extremadura/hospital-casaverde-extremadura,curated-dataset | spain-first-pass-official-seed,src/lib/data/centers.js | official Casaverde Neuro hospital page,known,known (strict),Centros Casaverde Neurorrehabilitación | neurorrehabilitación | rehabilitación neurológica | ictus | parkinson | hospital | unidad | rehab | rehabilitación | neurolog | neuro | cerebrovascular | centro
Spain,Hospital Casaverde Valladolid,"Valladolid, Castile and León",https://casaverdeneuro.com/centros/valladolid/hospital-casaverde-valladolid,curated-dataset | spain-first-pass-official-seed,src/lib/data/centers.js | official Casaverde Neuro hospital page,known,known (strict),rehabilitación neurológica | ictus | parkinson | hospital | unidad | rehab | rehabilitación | neurolog | neuro | cerebrovascular | centro
Spain,Hospital Los Madroños - Unidad Avanzada de Neurorrehabilitación,"Brunete, Community of Madrid",https://hospitallosmadronos.es/unidades-especializadas/unidad-avanzada-de-neurorrehabilitacion,curated-dataset | spain-first-pass-official-seed,src/lib/data/centers.js | official hospital advanced neurorehabilitation unit page,known,known (strict),Unidad Avanzada de Neurorrehabilitación | rehabilitación neurológica | daño cerebral | ictus | traumatismo craneoencefálico | lesión medular | esclerosis múltiple | parkinson | neurorrehabilitación | rehab | rehabilitación | neurolog | neuro | cerebrovascular | hospital | clinic
Spain,Hospital Nacional de Parapléjicos,"Toledo, Castilla-La Mancha",http://www.infomedula.org/,curated-dataset,src/lib/data/centers.js,known,known (broad),rehab | rehabilitación | neuro | hospital
Spain,Hospital Quirónsalud Miguel Domínguez,"Pontevedra, Galicia",https://www.quironsalud.com/migueldominguez,curated-dataset,src/lib/data/centers.js,known,known (strict),neurorrehabilitación | rehab | rehabilitación | neurolog | neuro | hospital | centro
Spain,Hospital Vithas Aguas Vivas,"Carcaixent, Valencia",https://vithas.es/centro/vithas-hospital-aguas-vivas,curated-dataset,src/lib/data/centers.js,known,known (strict),neurorrehabilitación | rehab | rehabilitación | neurolog | neuro | ictus | parkinson | hospital | centro
Spain,Hospital Vithas Sevilla,"Seville, Andalusia",https://vithas.es/centro/vithas-hospital-sevilla,curated-dataset,src/lib/data/centers.js,known,known (strict),neurorrehabilitación | rehab | rehabilitación | neurolog | neuro | hospital | centro
Spain,Hospital Vithas Valencia Consuelo,"Valencia, Valencia",https://vithas.es/centro/vithas-hospital-valencia-consuelo,curated-dataset,src/lib/data/centers.js,known,known (strict),neurorrehabilitación | rehab | rehabilitación | neurolog | neuro | ictus | hospital | centro
Spain,Hospital Vithas Vigo,"Vigo, Galicia",https://vithas.es/centro/vithas-hospital-vigo,curated-dataset,src/lib/data/centers.js,known,known (strict),neurorrehabilitación | rehab | rehabilitación | neurolog | neuro | hospital | centro
Spain,Hospital Vithas Xanit Internacional,"Benalmádena, Andalusia",https://vithas.es/centro/vithas-hospital-xanit-internacional,curated-dataset,src/lib/data/centers.js,known,known (strict),neurorrehabilitación | rehab | rehabilitación | neurolog | neuro | hospital | centro
Spain,IFAS - Centro de Día de Daño Cerebral Bekoetxe,"Bilbao, Basque Country",https://ospitalarioakfundazioaeuskadi.org/es/centro/centro-dano-cerebral-bekoetxe-ifas,curated-dataset | spain-first-pass-official-seed,src/lib/data/centers.js | official Ospitalarioak filtered brain-injury centre list,known,known (strict),Centro de Día de Daño Cerebral Bekoetxe | Neurorrehabilitación y daño cerebral | daño cerebral | Neuropsicología | rehabilitación | neurorrehabilitación | rehab | neuro | ictus | hospital | centro
Spain,Institut Guttmann,"Badalona, Catalonia",https://www.guttmann.com/es,curated-dataset,src/lib/data/centers.js,known,known (strict),Hospital de Neurorrehabilitación | Investigación e Innovación | neurorrehabilitación | rehab | rehabilitación | neurolog | neuro | hospital
Spain,LESCER Centro de Neurorehabilitación,"Madrid, Community of Madrid",https://www.lescer.es/,curated-dataset | spain-first-pass-official-seed,src/lib/data/centers.js | official specialist neurorehabilitation centre page,known,known (strict),neurorrehabilitación | rehabilitación neurológica | daño cerebral | ictus | traumatismo craneoencefálico | lesión medular | esclerosis múltiple | parkinson | hospitalización | rehab | rehabilitación | neurolog | neuro | hospital | centro
Spain,Ospitalarioak Fundazioa Euskadi - Centro de Neurorrehabilitación Bilbao,"Bilbao, Basque Country",https://ospitalarioakfundazioaeuskadi.org/es/centro/centro-dano-cerebral-aita-menni-bilbao,curated-dataset | spain-first-pass-official-seed,src/lib/data/centers.js | official Ospitalarioak filtered brain-injury centre list,known,known (strict),Centro de Neurorrehabilitación | rehabilitación de las secuelas causadas por el daño cerebral adquirido | Unidad de Rehabilitación Ambulatoria | ictus | traumatismos craneoencefálicos | enfermedades neurodegenerativas | Párkinson | esclerosis múltiple | Unidad de Rehabilitación Infantil | neurorrehabilitación | rehab | rehabilitación | neurolog | neuro | cerebrovascular | hospital | centro
Spain,Ospitalarioak Fundazioa Euskadi - Centro de Neurorrehabilitación San Sebastián,"San Sebastián, Basque Country",https://ospitalarioakfundazioaeuskadi.org/es/centro/centro-dano-cerebral-aita-menni-san-sebastian,curated-dataset | spain-first-pass-official-seed,src/lib/data/centers.js | official Ospitalarioak filtered brain-injury centre list,known,known (strict),Centro de Neurorrehabilitación | Neurorrehabilitación y daño cerebral | Centro de Día de Daño Cerebral | Discapacidad Neurológica | programas de atención personalizados | neurorrehabilitación | rehab | rehabilitación | neurolog | neuro | ictus | hospital | centro
Spain,Ospitalarioak Fundazioa Euskadi - Centro Musakola,"Arrasate/Mondragón, Basque Country",https://ospitalarioakfundazioaeuskadi.org/es/centro/centro-musakola,curated-dataset | spain-first-pass-official-seed,src/lib/data/centers.js | official Ospitalarioak filtered brain-injury centre list,known,known (strict),Neurorrehabilitación y daño cerebral | Centro de Día de Daño Cerebral | personas con daño cerebral | 30 más para personas con daño cerebral | ictus | neurorrehabilitación | rehab | rehabilitación | neuro | hospital | centro
Spain,Ospitalarioak Fundazioa Euskadi - Hospital Aita Menni,"Arrasate/Mondragón, Basque Country",https://ospitalarioakfundazioaeuskadi.org/es/centro/hospital-aita-menni,curated-dataset | spain-first-pass-official-seed,src/lib/data/centers.js | official Ospitalarioak filtered brain-injury centre list,known,known (strict),Neurorrehabilitación y daño cerebral | Unidad de Hospitalización | rehabilitación multidisciplinar | secuelas neurológicas | lesión cerebral | ictus | traumatismos craneales | afección neurológica | neurorrehabilitación | rehab | rehabilitación | neurolog | neuro | hospital | centro
Switzerland,Balgrist University Hospital,"Zurich, Zurich",https://www.balgrist.ch/en,curated-dataset,src/lib/data/centers.js,known,known (weak),neuro | spinal cord | spinal | hospital | clinic
Switzerland,cereneo,"Vitznau, Lucerne",https://cereneo.ch/,curated-dataset | switzerland-first-pass-official-seed,src/lib/data/centers.js | official cereneo neurorehabilitation clinic site,known,known (strict),Neurorehabilitation | Schlaganfall | Parkinson | Multiple Sklerose | traumatische Hirnverletzung | Stationäre Rehabilitation | neurorehabilitation | rehabilitation | rehab | neurolog | neuro | parkinson | klinik
Switzerland,Clinica Hildebrand Centro di riabilitazione Brissago,"Brissago, Ticino",https://www.clinica-hildebrand.ch/,curated-dataset | switzerland-first-pass-official-seed,src/lib/data/centers.js | official Clinica Hildebrand site,known,known (strict),RIABILITAZIONE NEUROLOGICA | Patologie cerebrovascolari | Trauma cranico | Sclerosi multipla | Malattia di Parkinson | Patologie del midollo spinale | riabilitazione neurologica | riabilitazione | neurolog | neuro | ictus | spinal | clinic | centro
Switzerland,Clinique romande de réadaptation,"Sion, Valais",https://www.crr-suva.ch/clinique-readaptation/readaptation-neurologie-118.html,curated-dataset | switzerland-first-pass-official-seed,src/lib/data/centers.js | official CRR Sion neuroréadaptation page,known,known (strict),Neuroréadaptation | système nerveux central | lésions cérébrales | neuropsychologie | patients cérébro-lésés | réadaptation | neuro | centre | center
Switzerland,Clinique Valmont,"Glion sur Montreux, Vaud",https://www.swissmedical.net/fr/hopitaux/valmont,curated-dataset | switzerland-first-pass-official-seed,src/lib/data/centers.js | official Swiss Medical Network Clinique Valmont page,known,known (strict),Rééducation neurologique | AVC | Maladie de Parkinson | Neuropsychologie | rééducation neurologique | rehabilitation | rehab | rééducation | réadaptation | neurolog | neuro | parkinson | avc | centre
Switzerland,Klinik Lengg,"Zurich, Zurich",https://kliniklengg.ch/,curated-dataset | switzerland-first-pass-official-seed,src/lib/data/centers.js | official Klinik Lengg site,known,known (strict),neurologische Rehabilitation | Zürcher RehaZentrum Lengg | neurologische rehabilitation | rehabilitation | rehab | neurolog | neuro | klinik | zentrum
Switzerland,Klinik Valens,"Valens, St. Gallen",https://www.klinik-valens.ch/,curated-dataset,src/lib/data/centers.js,known,known (broad),rehabilitation | rehab | neurolog | neuro | parkinson | clinic | klinik
Switzerland,REHAB Basel,"Basel, Basel-Stadt",https://www.rehab.ch/en/medical-services/neurorehabilitation,curated-dataset | switzerland-first-pass-official-seed,src/lib/data/centers.js | official REHAB Basel neurorehabilitation page,known,known (strict),Neurorehabilitation | traumatic or illness-related brain damage | motor skills | speech | mental ability | Klinik für Neurorehabilitation und Paraplegiologie | neurorehabilitation | neurological rehabilitation | rehabilitation | rehab | neurolog | neuro | cerebral palsy | multiple sclerosis | clinic
Switzerland,Rehaklinik Bellikon,"Bellikon, Aargau",https://www.rehabellikon.ch/neurologische-rehabilitation,curated-dataset | switzerland-first-pass-official-seed,src/lib/data/centers.js | official Rehaklinik Bellikon neurological rehabilitation page,known,known (strict),Neurologische Rehabilitation | Verletzungen des Gehirns | Mehrfachverletzung mit Hirnverletzung | Traumatische Hirnverletzung | Schlaganfall/Hirnblutung | Tages-Rehabilitation | neurologische rehabilitation | rehabilitation | rehab | neurolog | neuro | nah | clinic | klinik
Switzerland,Rehaklinik Tschugg,"Tschugg, Bern",https://www.rehaklinik-tschugg.ch/,curated-dataset,src/lib/data/centers.js,known,known (strict),Brain Health Symposium | neurorehabilitation | neurologische rehabilitation | rehabilitation | rehab | neurolog | neuro | parkinson | nah | klinik | zentrum
Switzerland,Rehaklinik Zihlschlacht,"Zihlschlacht, Thurgau",https://www.rehaklinik-zihlschlacht.ch/,curated-dataset,src/lib/data/centers.js,known,known (strict),neurorehabilitation | neurologische rehabilitation | rehabilitation | rehab | neurolog | neuro | parkinson | klinik | zentrum
Switzerland,Swiss Paraplegic Centre,"Nottwil, Lucerne",https://www.paraplegie.ch/en,curated-dataset,src/lib/data/centers.js,known,known (strict),Globally unique network of services | rehabilitation | rehab | spinal cord | spinal | centre
United Kingdom,Atkinson Morley Regional Neurosciences Centre — St George’s Hospital,"London, Greater London",https://www.stgeorges.nhs.uk/services,curated-dataset,src/lib/data/centers.js,known,known (strict),neurorehabilitation | neuro-rehabilitation | rehabilitation | rehab | neurolog | neuro | stroke | spinal cord | hospital | clinic
United Kingdom,Blackheath Brain Injury Rehabilitation Centre,"London, Greater London",https://activecaregroup.co.uk/location/blackheath-rehabilitation-centre,curated-dataset | uk-second-pass-official-seed,src/lib/data/centers.js | official Active Care Group brain injury rehabilitation centre page,known,known (strict),Brain Injury Rehabilitation Centre | Neurological Rehabilitation | acquired brain injury | complex neurological condition | Level 1 | specialist rehabilitation | neurological rehabilitation | rehabilitation | rehab | neurolog | neuro | stroke | brain injury | centre
United Kingdom,Chislehurst Neurological Rehabilitation Centre,"London, Greater London",https://activecaregroup.co.uk/location/chislehurst-rehabilitation-centre,curated-dataset | uk-second-pass-official-seed,src/lib/data/centers.js | official Active Care Group neurological rehabilitation centre page,known,known (strict),Neurological Rehabilitation | brain injury | stroke | progressive neurological conditions | cognitive rehabilitation | rehabilitation | neurological rehabilitation | rehab | neurolog | neuro | centre
United Kingdom,Frenchay Brain Injury Rehabilitation Centre,"Bristol, South Gloucestershire",https://activecaregroup.co.uk/location/frenchay-rehabilitation-centre,curated-dataset | uk-second-pass-official-seed,src/lib/data/centers.js | official Active Care Group Frenchay neurological rehabilitation centre page,known,known (strict),Frenchay Brain Injury Rehabilitation Centre | Neurological rehabilitation | acquired or traumatic brain injury | complex stroke | Level 1 | specialist rehabilitation | neurorehabilitation | neuro-rehabilitation | neurological rehabilitation | rehabilitation | rehab | neurolog | neuro | stroke | spinal cord | centre
United Kingdom,Hobbs Rehabilitation,"Winchester, Hampshire",https://hobbsrehabilitation.co.uk/,curated-dataset | uk-first-pass-official-seed,src/lib/data/centers.js | official specialist neurological rehabilitation provider page,known,known (strict),Neurological Rehabilitation | Spinal Cord | stroke | rehabilitation | inpatient | outpatient | neurological rehabilitation | rehab | neurolog | neuro | spinal cord | clinic | centre
United Kingdom,Hollanden Park Hospital - Renovo Care Group,"Hildenborough, Kent",https://hollandenparkhospital.co.uk/,curated-dataset | uk-first-pass-official-seed,src/lib/data/centers.js | official Renovo Care Group hospital page,known,known (strict),neurorehabilitation | rehabilitation | Neurological Care | hospital | rehab | neurolog | neuro
United Kingdom,Hothfield Neurological Rehabilitation Centre,"Hothfield, Kent",https://activecaregroup.co.uk/location/hothfield-rehabilitation-centre,curated-dataset | uk-second-pass-official-seed,src/lib/data/centers.js | official Active Care Group Hothfield neurological rehabilitation centre page,known,known (strict),Hothfield Neurological Rehabilitation Centre | brain injury | neurological condition | spinal injury | stroke | Neurorehabilitation | neurorehabilitation | neurological rehabilitation | rehabilitation | rehab | neurolog | neuro | spinal | centre
United Kingdom,Institute of Neurological Sciences and Queen Elizabeth National Spinal Injuries Unit,"Glasgow, Scotland",https://www.nhsggc.scot/hospitals-services/institute-of-neurological-sciences-and-spinal-unit,curated-dataset | uk-second-pass-official-seed,src/lib/data/centers.js | official NHS Greater Glasgow and Clyde neurosciences and spinal unit page,known,known (strict),Neurorehabilitation | Queen Elizabeth National Spinal Injuries Unit | Spinal Injuries | Neurology | Neurosurgery | NHS | neurorehabilitation | rehabilitation | rehab | neurolog | neuro | stroke | spinal cord | hospital | clinic
United Kingdom,London Spinal Cord Injury Centre,"Stanmore, Greater London",https://www.rnoh.nhs.uk/,curated-dataset,src/lib/data/centers.js,known,known (broad),rehabilitation | rehab | neuro | spinal cord | spinal | hospital | centre
United Kingdom,Midland Centre for Spinal Injuries - RJAH,"Oswestry, Shropshire",https://www.rjah.nhs.uk/our-services/midland-centre-for-spinal-injuries,curated-dataset | uk-second-pass-official-seed,src/lib/data/centers.js | official RJAH NHS spinal injuries centre page,known,known (strict),Midland Centre for Spinal Injuries | spinal cord | rehabilitation | in-patient rehabilitation beds | active rehabilitation programme | NHS | rehab | neurolog | neuro | spinal | hospital | centre
United Kingdom,Mildmay Hospital,"London, Greater London",https://www.mildmay.nhs.uk/,curated-dataset,src/lib/data/centers.js,known,known (broad),rehabilitation | rehab | neurolog | neuro | hospital
United Kingdom,Murdostoun Brain Injury Rehabilitation and Neurological Care Centre,"Wishaw, North Lanarkshire",https://activecaregroup.co.uk/location/murdostoun-rehabilitation-centre,curated-dataset | uk-second-pass-official-seed,src/lib/data/centers.js | official Active Care Group Murdostoun neurological rehabilitation centre page,known,known (strict),Murdostoun Brain Injury Rehabilitation | Neurological rehabilitation | brain injury | spinal cord injury | stroke | specialist inpatient rehabilitation | neurorehabilitation | neurological rehabilitation | rehabilitation | rehab | neurolog | neuro | spinal cord | centre
United Kingdom,National Hospital for Neurology and Neurosurgery,"London, Greater London",https://www.uclh.nhs.uk/our-services/find-service/neurology-and-neurosurgery,curated-dataset,src/lib/data/centers.js,known,known (strict),neurorehabilitation | rehabilitation | rehab | neurolog | neuro | stroke | spinal cord | hospital
United Kingdom,National Rehabilitation Centre,"Nottingham, Nottinghamshire",https://nationalrehabilitationcentre.nhs.uk/,curated-dataset | uk-first-pass-official-seed,src/lib/data/centers.js | official NHS National Rehabilitation Centre page,known,known (strict),neurorehabilitation | rehabilitation | stroke | inpatient | NHS | National Rehabilitation Centre | rehab | neurolog | neuro | centre
United Kingdom,National Spinal Injuries Centre - Stoke Mandeville Hospital,"Aylesbury, Buckinghamshire",https://www.buckshealthcare.nhs.uk/wards/national-spinal-injuries-centre,curated-dataset | uk-first-pass-official-seed,src/lib/data/centers.js | official Buckinghamshire Healthcare NHS spinal injuries centre page,known,known (strict),National Spinal Injuries Centre | spinal cord | inpatient | outpatient | NHS | spinal | hospital | clinic
United Kingdom,Regional Neurorehabilitation Services - Musgrave Park Hospital,"Belfast, Northern Ireland",https://belfasttrust.hscni.net/service/regional-neurorehabilitation-services,curated-dataset | uk-second-pass-official-seed,src/lib/data/centers.js | official Belfast Health and Social Care Trust regional neurorehabilitation service page,known,known (strict),Regional Neurorehabilitation Services | Regional Acquired Brain Injury Unit | Spinal Cord Injury Unit | inpatient | outpatient | rehabilitation | neurorehabilitation | rehab | neurolog | neuro | spinal cord | spinal | hospital | centre
United Kingdom,Rehabilitation services — Queen Mary’s Hospital,"Roehampton, Greater London",https://www.stgeorges.nhs.uk/service/rehabilitation-service,curated-dataset,src/lib/data/centers.js,known,known (strict),Specialist spasticity management service | neuro-rehabilitation | rehabilitation | rehab | neuro | hospital | clinic
United Kingdom,Royal Buckinghamshire Hospital,"Aylesbury, Buckinghamshire",https://www.royalbucks.co.uk/,curated-dataset | uk-first-pass-official-seed,src/lib/data/centers.js | official specialist rehabilitation hospital page,known,known (strict),Brain Injury | spinal cord | stroke | rehabilitation | inpatient | outpatient | Hospital | rehab | neurolog | neuro | hospital | clinic
United Kingdom,Royal Hospital for Neuro-disability,"London, Greater London",https://www.rhn.org.uk/,curated-dataset,src/lib/data/centers.js,known,known (broad),rehab | neurolog | neuro | brain injury | hospital
United Kingdom,Salisbury Spinal Treatment Centre,"Salisbury, Wiltshire",https://www.salisbury.nhs.uk/wards-departments/departments/spinal-treatment-centre,curated-dataset | uk-first-pass-official-seed,src/lib/data/centers.js | official Salisbury NHS spinal treatment centre page,known,known (strict),Spinal Treatment Centre | Spinal Cord | Spinal Injury | rehabilitation | inpatient | outpatient | NHS | rehab | neuro | spinal cord | spinal | hospital | centre
United Kingdom,STEPS Rehabilitation,"Sheffield, South Yorkshire",https://stepsrehabilitation.co.uk/,curated-dataset | uk-first-pass-official-seed,src/lib/data/centers.js | official specialist rehabilitation centre page,known,known (strict),brain injury | spinal cord | stroke | multiple sclerosis | parkinson | rehabilitation | rehab | neurolog | neuro
United Kingdom,The Children's Trust,"Tadworth, Surrey",https://www.thechildrenstrust.org.uk/,curated-dataset | uk-first-pass-official-seed,src/lib/data/centers.js | official pediatric brain-injury rehabilitation charity page,known,known (strict),children with brain injury | acquired brain injury | brain injury | neurodisability | rehabilitation | stroke | rehab | neuro | hospital
United Kingdom,The Wellington Hospital - Rehabilitation Centre,"London, Greater London",https://www.hcahealthcare.co.uk/locations/hospitals/the-wellington-hospital,curated-dataset | uk-first-pass-official-seed,src/lib/data/centers.js | official HCA UK hospital page,known,known (strict),neurological rehabilitation | outpatient | rehabilitation | rehab | neurolog | neuro | spinal | hospital | centre
United Kingdom,Walkergate Park Centre for Neurorehabilitation and Neuropsychiatry,"Newcastle upon Tyne, Tyne and Wear",https://www.cntw.nhs.uk/locations/walkergate-park,curated-dataset | uk-first-pass-official-seed,src/lib/data/centers.js | official NHS location page,known,known (strict),Walkergate Park | Neurorehabilitation | rehabilitation | inpatient | outpatient | NHS | neurorehabilitation | rehab | neurolog | neuro | centre
United States,Brooks Rehabilitation,"Jacksonville, Florida",https://brooksrehab.org/,curated-dataset,src/lib/data/centers.js,known,known (broad),rehabilitation | rehab | neuro | stroke | spinal cord | spinal | hospital | center
United States,Craig Hospital,"Englewood, Colorado",https://craighospital.org/,curated-dataset,src/lib/data/centers.js,known,known (none),hospital
United States,Kessler Institute for Rehabilitation,"West Orange, New Jersey",https://www.kessler-rehab.com/,curated-dataset,src/lib/data/centers.js,known,known (none),rehab
United States,Shepherd Center,"Atlanta, Georgia",https://www.shepherd.org/,curated-dataset,src/lib/data/centers.js,known,known (broad),rehabilitation | rehab | neuro | stroke | spinal cord | spinal | clinic | center
United States,Shirley Ryan AbilityLab,"Chicago, Illinois",https://www.sralab.org/,curated-dataset,src/lib/data/centers.js,known,known (broad),rehabilitation | rehab | neuro | stroke | spinal cord | spinal | hospital | clinic
United States,Spaulding Rehabilitation Hospital Boston,"Boston, Massachusetts",https://www.spauldingrehab.org/,curated-dataset,src/lib/data/centers.js,known,known (strict),World leader in advanced rehabilitation treatment and research | neurological rehabilitation | rehabilitation | rehab | neurolog | neuro | stroke | spinal cord | hospital | clinic
